lastname,name,type,gender,screen_name,provincia,partido,bloque,interbloque,screen_name_corrected,followers_count,friends_count,statuses_count,favourites_count,birth,age,age_bucket
ALMIRÓN,ANA CLAUDIA,S,F,AnitaAlmiron,CORRIENTES,ALIANZA FRENTE PARA LA VICTORIA,FRENTE DE TODOS,Frente de Todos,AnaAlmironCtes,2816,510,1668,1777,2/7/84,36,36-40
ALPEROVICH,JOSÉ JORGE,S,M,JalperovichOK,TUCUMÁN,ALIANZA FRENTE PARA LA VICTORIA,FRENTE DE TODOS,Frente de Todos,JalperovichOK,9351,174,1256,254,13/04/1955,65,61-65
BASUALDO,ROBERTO GUSTAVO,S,M,RGBasualdo,SAN JUAN,ALIANZA CAMBIEMOS SAN JUAN,PRODUCCIÓN Y TRABAJO,Juntos por el Cambio,RGBasualdo,4088,996,3343,1484,15/12/1957,62,61-65
BLAS,INÉS IMELDA,S,F,SenadoraBlas,CATAMARCA,ALIANZA FRENTE PARA LA VICTORIA,FRENTE DE TODOS,Frente de Todos,SenadoraBlas,3794,206,627,262,21/04/1959,61,61-65
BRAILLARD POCCARD,NÉSTOR PEDRO,S,M,PedroBraillardP,CORRIENTES,ALIANZA ENCUENTRO CORRIENTES,FRENTE PRO,Juntos por el Cambio,PedroBraillardP,1503,663,1545,575,8/4/54,66,66-70
BRIZUELA Y DORIA DE CARA,OLGA INES,S,F,ines_byd,LA RIOJA,CAMBIEMOS FUERZA CIVICA RIOJANA,UCR,Juntos por el Cambio,ines_byd,12460,692,25319,20876,11/4/71,49,46-50
BULLRICH,ESTEBAN JOSE,S,M,estebanbullrich,BUENOS AIRES,CAMBIEMOS BUENOS AIRES,FRENTE PRO,Juntos por el Cambio,estebanbullrich,573414,1357,10601,2238,26/05/1969,51,51-55
CASERIO,CARLOS ALBERTO,S,M,CaserioCarlos,CÓRDOBA,ALIANZA UNIÓN POR CÓRDOBA,FRENTE DE TODOS,Frente de Todos,CaserioCarlos,3021,2441,285,499,25/05/1950,70,66-70
CASTILLO,OSCAR ANÍBAL,S,M,Oacastillo,CATAMARCA,FRENTE CÍVICO Y SOCIAL,FRENTE CÍVICO Y SOCIAL DE CATAMARCA,Juntos por el Cambio,Oacastillo,1644,123,327,80,18/01/1954,66,66-70
CATALFAMO,MARÍA EUGENIA,S,F,eugecatalfamo,SAN LUIS,FRENTE UNIDAD JUSTICIALISTA SAN LUIS,FRENTE DE TODOS,Frente de Todos,eugecatalfamo,2706,468,1015,1386,4/10/87,32,-35
CLOSS,MAURICE FABIÁN,S,M,mauricloss,MISIONES,FRENTE RENOVADOR DE LA CONCORDIA,FRENTE DE TODOS,Frente de Todos,mauricloss,38800,175,10758,95,10/6/71,49,46-50
COBOS,JULIO CÉSAR CLETO,S,M,juliocobos,MENDOZA,ALIANZA CAMBIEMOS,UCR,Juntos por el Cambio,juliocobos,196411,266,14868,13523,30/04/1955,65,61-65
COSTA,EDUARDO RAÚL,S,M,EduardoCostaSC,SANTA CRUZ,UNION PARA VIVIR MEJOR CAMBIEMOS,UCR,Juntos por el Cambio,EduardoCostaSC,17070,1114,19699,9718,27/08/1961,58,56-60
DURANGO,NORMA HAYDÉE,S,F,norma_durango,LA PAMPA,ALIANZA FRENTE P/VICTORIA (PERONISMO PAMPEANO),FRENTE DE TODOS,Frente de Todos,norma_durango,3004,53,616,583,20/11/1952,67,66-70
ELÍAS DE PEREZ,SILVIA BEATRIZ,S,F,silviaEdePerez,TUCUMÁN,ALIANZA CAMBIEMOS,UCR,Juntos por el Cambio,silviaEdePerez,28482,897,8274,6254,10/5/64,56,56-60
ESPÍNOLA,CARLOS MAURICIO,S,M,espinolacamau,CORRIENTES,ALIANZA FRENTE PARA LA VICTORIA,FRENTE DE TODOS,Frente de Todos,espinolacamau,9864,2152,2535,682,5/10/71,48,46-50
FERNÁNDEZ SAGASTI,ANABEL,S,F,afernandezk,MENDOZA,ALIANZA FRENTE PARA LA VICTORIA,FRENTE DE TODOS,Frente de Todos,afernandezk,378,834,12647,681,3/4/84,36,36-40
FIAD,MARIO RAYMUNDO,S,M,MarioFiad,JUJUY,FRENTE JUJEÑO CAMBIEMOS,UCR,Juntos por el Cambio,MarioFiad,11165,414,7560,2393,12/1/57,63,61-65
GIACOPPO,SILVIA DEL ROSARIO,S,F,giacopposilvia,JUJUY,FRENTE JUJEÑO CAMBIEMOS,UCR,Juntos por el Cambio,giacopposilvia,5521,640,9127,8594,1/5/59,61,61-65
GONZÁLEZ,GLADYS ESTHER,S,F,gladys_gonzalez,BUENOS AIRES,CAMBIEMOS BUENOS AIRES,FRENTE PRO,Juntos por el Cambio,gladys_gonzalez,54911,1020,7214,1070,30/05/1973,47,46-50
GONZÁLEZ,NANCY SUSANA,S,F,nancysgonzalez,CHUBUT,ALIANZA FRENTE PARA LA VICTORIA,FRENTE DE TODOS,Frente de Todos,nancysgonzalez,7491,982,5885,5195,10/2/61,59,56-60
IANNI,ANA MARÍA,S,F,AnaMariaIanni,SANTA CRUZ,FRENTE PARA LA VICTORIA,FRENTE DE TODOS,Frente de Todos,AnaMariaIanni,3124,236,4746,2262,21/09/1969,50,46-50
LUENZO,ALFREDO HÉCTOR,S,M,SenadorLuenzo,CHUBUT,CHUBUT SOMOS TODOS,CHUBUT SOMOS TODOS,Frente de Todos,SenadorLuenzo,9987,1236,4336,1640,16/10/1957,62,61-65
MARINO,JUAN CARLOS,S,M,Juancmarino,LA PAMPA,ALIANZA CAMBIEMOS,UCR,Juntos por el Cambio,Juancmarino,5501,1338,2803,818,23/10/1963,56,56-60
MARTÍNEZ,JULIO CÉSAR,S,M,JulioMartinezLR,LA RIOJA,CAMBIEMOS FUERZA CIVICA RIOJANA,UCR,Juntos por el Cambio,JulioMartinezLR,37131,710,10443,2470,23/03/1962,58,56-60
MENEM,CARLOS SAÚL,S,M,CarlosMenem_LR,LA RIOJA,FRENTE JUSTICIALISTA RIOJANO,FRENTE DE TODOS,Frente de Todos,CarlosMenem_LR,23804,69,2000,13769,2/7/30,90,70+
MERA,DALMACIO,S,M,dalmaciomera,CATAMARCA,ALIANZA FRENTE PARA LA VICTORIA,FRENTE DE TODOS,Frente de Todos,dalmaciomera,5785,399,2802,286,13/11/1970,49,46-50
MIRKIN,BEATRIZ GRACIELA,S,F,BeatrizMirkinOk,TUCUMÁN,ALIANZA FRENTE PARA LA VICTORIA,FRENTE DE TODOS,Frente de Todos,BeatrizMirkinOk,4735,326,2623,1020,9/8/55,64,61-65
PAIS,JUAN MARIO,S,M,juanmariopais,CHUBUT,ALIANZA FRENTE PARA LA VICTORIA,FRENTE DE TODOS,Frente de Todos,juanmariopais,3817,783,1131,131,7/11/55,64,61-65
PEROTTI,OMAR ÁNGEL,S,M,omarperotti,SANTA FE,ALIANZA FRENTE PARA LA VICTORIA,FRENTE DE TODOS,Frente de Todos,omarperotti,40823,267,2633,58,16/09/1959,60,56-60
PETCOFF NAIDENOFF,LUIS CARLOS,S,M,luisnaidenoff,FORMOSA,FRENTE AMPLIO FORMOSEÑO CAMBIEMOS,UCR,Juntos por el Cambio,luisnaidenoff,26566,522,4166,144,13/07/1967,52,51-55
POGGI,CLAUDIO JAVIER,S,M,claudiojpoggi,SAN LUIS,AVANZAR Y CAMBIEMOS POR SAN LUIS,AVANZAR SAN LUIS,Avanzar San Luis,claudiojpoggi,16008,22,3688,2848,7/10/63,56,56-60
REUTEMANN,CARLOS ALBERTO,S,M,ReutemannC,SANTA FE,ALIANZA CAMBIEMOS,SANTA FE FEDERAL,Juntos por el Cambio,ReutemannC,2457,7,33,3,12/4/42,78,70+
RODRÍGUEZ MACHADO,LAURA ELENA,S,F,laurmachado,CÓRDOBA,ALIANZA CAMBIEMOS,FRENTE PRO,Juntos por el Cambio,laurmachado,17209,4092,11825,11400,9/4/65,55,51-55
RODRÍGUEZ SAÁ,ADOLFO,S,M,Adolfo_RSaa,SAN LUIS,FRENTE UNIDAD JUSTICIALISTA SAN LUIS,UNIDAD JUSTICIALISTA,Frente de Todos,adolfoRSaa,6755,2395,5129,26,25/07/1947,72,70+
SACNUN,MARÍA DE LOS ÁNGELES,S,F,sacnun,SANTA FE,ALIANZA FRENTE PARA LA VICTORIA,FRENTE DE TODOS,Frente de Todos,sacnun,6462,1106,6515,4091,17/08/1970,49,46-50
SCHIAVONI,HUMBERTO LUIS ARTURO,S,M,schiavonih,MISIONES,FRENTE CAMBIEMOS,FRENTE PRO,Juntos por el Cambio,schiavonih,7009,512,2042,428,10/7/58,61,61-65
SOLARI  QUINTANA,MAGDALENA,S,F,MaggieSolariQ,MISIONES,FRENTE RENOVADOR DE LA CONCORDIA,MISIONES,Frente Renovador de la Concordia,MaggieSolariQ,3275,127,3463,1581,23/01/1968,52,51-55
TAPIA,MARÍA BELÉN,S,F,MariabTapia,SANTA CRUZ,UNION PARA VIVIR MEJOR CAMBIEMOS,UCR,Juntos por el Cambio,MariabTapia,1123,114,74,341,10/11/73,46,46-50
VERASAY,PAMELA FERNANDA,S,F,PameVerasay,MENDOZA,ALIANZA CAMBIEMOS,UCR,Juntos por el Cambio,PameVerasay,7541,1207,5430,4979,26/04/1980,40,36-40
Álvarez Rodriguez, María Cristina,D,F,CrisAlvarezRod,BUENOS AIRES,,FRENTE DE TODOS,Frente de Todos,CrisAlvarezRod,67271,1932,12729,24585,28/12/1967,52,51-55
Álvarez, Diego Felipe,D,M,FelipeAlvarezLR,LA RIOJA,,PRODUCCIÓN Y TRABAJO,Juntos por el Cambio,FelipeAlvarezLR,5873,127,2095,1839,3/1/52,68,66-70
Amaya, Domingo Luis,D,M,DomingoAmayaOk,Tucuman,,FRENTE PRO,Juntos por el Cambio,DomingoAmayaOk,11305,474,5667,1227,,,
Angelini, Federico,D,M,fangelini,Santa Fe,,FRENTE PRO,Juntos por el Cambio,fangelini,15384,1517,21163,4389,19/08/1977,42,41-45
Aparicio, Alicia Noemí,D,F,AliAparicioOK,BUENOS AIRES,,FRENTE DE TODOS,Frente de Todos,AliAparicioOK,259,102,366,215,,,
Asseff, Alberto Emilio,D,M,albertoasseff,Buenos Aires,,FRENTE PRO,Juntos por el Cambio,albertoasseff,3199,1858,12470,857,31/10/1942,77,70+
Banfi, Karina Veronica,D,F,KBanfi,BUENOS AIRES,,UCR,Juntos por el Cambio,KBanfi,19939,1135,50495,56524,27/02/1972,48,46-50
Basterra, Luis Eugenio,D,M,LEBasterra,FORMOSA,,FRENTE DE TODOS,Frente de Todos,LEBasterra,12973,506,4010,3415,14/10/1958,61,61-65
Bazze, Miguel Ángel,D,M,bazzemiguel,BUENOS AIRES,,UCR,Juntos por el Cambio,bazzemiguel,6913,1279,2000,979,30/04/1955,65,61-65
Berhongaray, Martín Antonio,D,M,MBerhongaray,LA PAMPA,,UCR,Juntos por el Cambio,MBerhongaray,459,13,3,2,,,
Bermejo, Alejandro Daniel,D,M,AleBermejoMza,Mendoza,,FRENTE DE TODOS,Frente de Todos,AleBermejoMza,7105,449,6185,2282,,,
Bertone, Rosana Andrea,D,F,RosanaBertone,Tierra Del Fuego,,FRENTE DE TODOS,Frente de Todos,RosanaBertone,14696,157,7933,187,29/11/1962,57,56-60
Britez, María Cristina,D,F,cbritezmisiones,MISIONES,,FRENTE DE TODOS,Frente de Todos,cbritezmisiones,25932,4917,4747,8112,5/3/81,39,36-40
Buryaile, Ricardo,D,M,BuryaileRicardo,Formosa,,UCR,Juntos por el Cambio,BuryaileRicardo,38482,384,11498,4720,,,
Cacace, Alejandro,D,M,alejandrocacace,San Luis,,UCR,Juntos por el Cambio,alejandrocacace,6157,617,7205,3585,,,
Camaño, Graciela,D,F,GracielaCamano,Buenos Aires,,CONSENSO FEDERAL,Federal,GracielaCamano,21258,814,3875,517,25/04/1953,67,66-70
Caparrós, Mabel Luisa,D,F,MabelCaparros,Tierra Del Fuego,,FRENTE DE TODOS,Frente de Todos,MabelCaparros,1197,1065,3939,1752,,,
Carrizo, Nilda Mabel,D,F,mabelcarrizotuc,Tucuman,,FRENTE DE TODOS,Frente de Todos,mabelcarrizotuc,1744,555,1289,2675,13/01/1979,41,41-45
Casaretto, Marcelo Pablo,D,M,mpcasaretto,Entre Rios,,FRENTE DE TODOS,Frente de Todos,mpcasaretto,762,256,582,399,26/04/1967,53,51-55
Caselles, Graciela María,D,F,gcaselles,SAN JUAN,,FRENTE DE TODOS,Frente de Todos,gcaselles,416,183,11,0,5/10/66,53,51-55
Castagneto, Carlos Daniel,D,M,CastagnetoC,Buenos Aires,,FRENTE DE TODOS,Frente de Todos,CastagnetoC,21021,2097,20199,2234,1/11/60,59,56-60
Cleri, Marcos,D,M,marcoscleri,Santa Fe,,FRENTE DE TODOS,Frente de Todos,marcoscleri,12732,1381,23430,15351,12/1/82,38,36-40
Cornejo, Alfredo Victor,D,M,alfredocornejou,Mendoza,,UCR,Juntos por el Cambio,alfredocornejou,1300,232,5,1,20/03/1962,58,56-60
Cornejo, Virginia María,D,F,cornejovirginia,Salta,,FRENTE PRO,Juntos por el Cambio,cornejovirginia,1312,853,2518,688,,,
Crescimbeni, Camila,D,F,camicrescimbeni,Buenos Aires,,FRENTE PRO,Juntos por el Cambio,camicrescimbeni,8926,832,6150,5860,,30,
De Lamadrid, Alvaro Hector,D,M,AlvarodLamadrid,Ciudad De Buenos Aires,,UCR,Juntos por el Cambio,AlvarodLamadrid,23039,8952,21343,17037,5/2/72,48,46-50
De Marchi, Omar Bruno,D,M,omardemarchi,Mendoza,,FRENTE PRO,Juntos por el Cambio,omardemarchi,13575,429,6053,3038,28/05/1966,54,51-55
De Pedro, Eduardo Enrique,D,M,wadodecorrido,Buenos Aires,,FRENTE DE TODOS,Frente de Todos,wadodecorrido,265869,1343,15179,18926,11/11/76,43,41-45
Di Giacomo, Luis,D,M,LuisDiGiacomo,Rio Negro,,JUNTOS SOMOS RIO NEGRO,Unidad Federal para el Desarrollo,DiGiacomoLuis,1446,431,1986,2269,,,
Donda Pérez, Victoria Analía,D,F,vikidonda,Ciudad De Buenos Aires,,SOMOS,Frente de Todos,vikidonda,239770,1098,54651,5394,17/09/1979,40,36-40
El Sukaria, Soher,D,M,SoherElSukaria,Cordoba,,FRENTE PRO,Juntos por el Cambio,SoherElSukaria,7828,1121,33715,71217,,,
Estevez, Gabriela Beatriz,D,F,gabiestevezok,Cordoba,,FRENTE DE TODOS,Frente de Todos,gabiestevezok,34642,4610,9604,11371,11/2/78,42,41-45
Frade, Mónica Edith,D,F,monicafrade2,BUENOS AIRES,,COALICION CIVICA,Juntos por el Cambio,MonicaFradeok,7240,2061,3082,3629,,,
Frigerio, Federico,D,M,fedefrigerio,Tierra Del Fuego,,FRENTE PRO,Juntos por el Cambio,fedefrigerio,854,128,319,106,7/1/70,50,46-50
García de Luca, Raúl Sebastían,D,M,SebastiangdlCh,BUENOS AIRES,,FRENTE PRO,Juntos por el Cambio,SebastiangdlCh,9988,1844,3951,1743,,,
García, Ximena,D,F,XimenaGarciaBl,SANTA FE,,UCR,Juntos por el Cambio,XimenaGarciaBl,2363,245,852,826,,,
Gioja, José Luis,D,M,joseluisgioja,SAN JUAN,,FRENTE DE TODOS,Frente de Todos,joseluisgioja,102050,122,6589,180,4/12/49,70,66-70
González, Álvaro Gustavo,D,M,_alvarogonzalez,Ciudad De Buenos Aires,,FRENTE PRO,Juntos por el Cambio,_alvarogonzalez,9153,865,5100,1955,12/10/58,61,61-65
Grosso, Leonardo,D,M,Leonardo_Grosso,Buenos Aires,,FRENTE DE TODOS,Frente de Todos,Leonardo_Grosso,46737,1178,9415,17690,1/4/83,37,36-40
Gutiérrez, Carlos Mario,D,M,Leg_gutierrez,Cordoba,,CORDOBA FEDERAL,Federal,Dip_Gutierrez,4344,1453,4059,4798,,,
Gutiérrez, Carlos Ramiro,D,M,Ramir_Gutierrez,BUENOS AIRES,,FRENTE DE TODOS,Frente de Todos,Ramir_Gutierrez,6055,622,5345,7629,,,
Hagman, Itai,D,M,ItaiHagman,Ciudad De Buenos Aires,,FRENTE DE TODOS,Frente de Todos,ItaiHagman,30522,935,13132,7124,13/02/1983,37,36-40
Hernández, Estela Beatriz,D,F,DipEstelaH,CHUBUT,,FRENTE DE TODOS,Frente de Todos,DipEstelaH,1053,800,2344,2071,20/04/1963,57,56-60
Jetter, Ingrid,D,F,IngridJetter,Corrientes,,FRENTE PRO,Juntos por el Cambio,IngridJetter,5393,515,5652,5793,,,
Joury, María de las Mercedes,D,F,MercedesJoury,BUENOS AIRES,,FRENTE PRO,Juntos por el Cambio,MercedesJoury,2073,547,3256,5851,,,
 Juez, Luis Alfredo,D,M,ljuez,Cordoba,,FRENTE PRO,Juntos por el Cambio,ljuez,35575,959,3030,10194,,,
Kirchner, Máximo Carlos,D,M,MaxicKirchner,BUENOS AIRES,,FRENTE DE TODOS,Frente de Todos,MaxicKirchner,5,3,2,3,16/02/1977,43,41-45
Lampreabe, Florencia,D,F,FlorLampreabe,Buenos Aires,,FRENTE DE TODOS,Frente de Todos,FlorLampreabe,2915,941,3360,3931,,,
Landriscini, Susana Graciela,D,F,Gra_Landriscini,Rio Negro,,FRENTE DE TODOS,Frente de Todos,Gra_Landriscini,286,296,364,442,,,
Larroque, Andrés,D,M,larroqueandres,BUENOS AIRES,,FRENTE DE TODOS,Frente de Todos,larroqueandres,93854,545,14331,1299,26/01/1977,43,41-45
Latorre, Jimena Hebe,D,F,JimehLatorre,Mendoza,,UCR,Juntos por el Cambio,JimehLatorre,2274,316,883,957,,,
Leito, Mario Alberto,D,M,marioaleito,Tucuman,,FRENTE DE TODOS,Frente de Todos,marioaleito,5497,152,3598,4994,,,
Leiva, Aldo Adolfo,D,M,AldoAdolfoLeiva,Chaco,,FRENTE DE TODOS,Frente de Todos,AldoAdolfoLeiva,2076,385,1691,1746,,,
Lena, Gabriela Mabel,D,F,gabi_lena,Entre Rios,,UCR,Juntos por el Cambio,gabi_lena,2500,406,3206,4597,,,
Lospennato, Silvia Gabriela,D,F,slospennato,Buenos Aires,,FRENTE PRO,Juntos por el Cambio,slospennato,30617,756,4764,5607,21/12/1977,42,41-45
Manzi, Rubén,D,M,ManziRubenOk,Catamarca,,COALICION CIVICA,Juntos por el Cambio,ManziRubenOk,1069,342,998,994,,,
Martín, Juan,D,M,jmrionegro,Santa Fe,,UCR,Juntos por el Cambio,jmrionegro,3225,1780,6528,16242,,,
Martínez Villada, Leonor María,D,F,leonormartinezv,Cordoba,,COALICION CIVICA,Juntos por el Cambio,leonormartinezv,1767,1407,1417,4985,5/6/50,70,66-70
Martínez, Germán Pedro,D,M,gerpmartinez,Santa Fe,,FRENTE DE TODOS,Frente de Todos,gerpmartinez,3733,1274,24041,16337,,,
Martínez, María Dolores,D,F,ladolom,Ciudad De Buenos Aires,,UCR,Juntos por el Cambio,ladolom,1,0,0,0,,,
Martínez, María Rosa,D,F,mrmartinez55,Buenos Aires,,FRENTE DE TODOS,Frente de Todos,mrmartinez55,3772,2936,7821,6890,,,
Martinez, Norman Dario,D,M,dariomartinezpj,Neuquen,,FRENTE DE TODOS,Frente de Todos,dariomartinezpj,6225,888,4482,1748,3/9/74,45,41-45
Masin, María Lucila,D,F,LuciMasin,Chaco,,FRENTE DE TODOS,Frente de Todos,LuciMasin,13798,2697,3352,10170,31/05/1984,36,36-40
Massa, Sergio Tómas,D,M,SergioMassa,Buenos Aires,,FRENTE DE TODOS,Frente de Todos,SergioMassa,1125868,2064,8747,10974,28/04/1972,48,46-50
Massetani, Vanesa Laura,D,F,vanemassetani,Santa Fe,,FRENTE DE TODOS,Frente de Todos,vanemassetani,2117,356,926,1268,3/3/82,38,36-40
Moisés, María Carolina,D,F,CarolinaMoises,Jujuy,,FRENTE DE TODOS,Frente de Todos,CarolinaMoises,12322,7619,21702,24728,5/3/75,45,41-45
Morales Gorleri, Victoria,D,F,VMoralesGorleri,Ciudad De Buenos Aires,,FRENTE PRO,Juntos por el Cambio,VMoralesGorleri,14550,1071,7063,1500,1/3/72,48,46-50
Moreau, Cecilia,D,F,CECILIAMOREAU,Buenos Aires,,FRENTE DE TODOS,Frente de Todos,CECILIAMOREAU,19300,770,17810,5183,5/12/76,43,41-45
Moyano, Juan Facundo,D,M,Facundo_Moyano,Buenos Aires,,FRENTE DE TODOS,Frente de Todos,Facundo_Moyano,143503,280,9933,9134,25/12/1984,35,-35
Nanni, Miguel,D,M,NanniMiguel,Salta,,UCR,Juntos por el Cambio,NanniMiguel,,,,,6/5/77,43,41-45
Negri, Mario Raúl,D,M,marioraulnegri,Cordoba,,UCR,Juntos por el Cambio,marioraulnegri,161311,1016,14481,9089,6/2/54,66,66-70
Núñez, José Carlos,D,M,josenunezjurado,Santa Fe,,FRENTE PRO,Juntos por el Cambio,josenunezjurado,4285,2044,6903,4688,12/11/74,45,41-45
Obeid, Alejandra del Huerto,D,F,AlejandraObeid,Santa Fe,,FRENTE DE TODOS,Frente de Todos,AlejandraObeid,1137,694,1265,287,,,
Ormachea, Claudia Beatriz,D,F,ClaudiaTodos,Buenos Aires,,FRENTE DE TODOS,Frente de Todos,ClaudiaTodos,698,326,351,134,,,
Penacca, Paula Andrea,D,F,PaulaPenacca,Ciudad De Buenos Aires,,FRENTE DE TODOS,Frente de Todos,PaulaPenacca,19184,449,14701,19664,27/04/1981,39,36-40
Pérez Araujo, Hernán,D,M,hperezaraujo,La Pampa,,FRENTE DE TODOS,Frente de Todos,hperezaraujo,1633,520,10423,2410,,,
Ponce, Carlos Ybrhain,D,M,carlosponce668,San Luis,,FRENTE DE TODOS,Frente de Todos,carlosponce668,2169,648,2710,1661,,,
Rey, María Luján,D,F,MariaLujan_Rey,Buenos Aires,,FRENTE PRO,Juntos por el Cambio,MariaLujan_Rey,65181,565,27232,31670,4/8/69,50,
Rezinovsky, Dina Esther,D,F,dinarezi,Ciudad De Buenos Aires,,FRENTE PRO,Juntos por el Cambio,dinarezi,6597,1083,35461,17001,,,
Ritondo, Cristian Adrián,D,M,cristianritondo,BUENOS AIRES,,FRENTE PRO,Juntos por el Cambio,cristianritondo,202120,207,8568,1220,27/07/1966,53,51-55
Rizzotti, Jorge,D,M,Colorizzotti,Jujuy,,UCR,Juntos por el Cambio,Colorizzotti,228,41,18,0,,,
Romero, Hugo,D,M,VHRomeroV,Cordoba,,UCR,Juntos por el Cambio,VHRomeroV,1307,790,676,636,,,
Ruarte, Adriana Noemí,D,F,Adriana_Ruarte,Cordoba,,FRENTE PRO,Juntos por el Cambio,Adriana_Ruarte,482,576,426,1345,,,
Salvador, Sebastían Nicolás,D,M,SebasnSalvador,BUENOS AIRES,,UCR,Juntos por el Cambio,SebaSalvadorOk,5240,691,1135,602,,,
Sartori, Diego Horacio,D,M,SartoriDiegoH,Misiones,,FRENTE DE LA CONCORDIA MISIONERO,Unidad Federal para el Desarrollo,SartoriDiegoH,1693,227,4925,92,8/1/59,61,61-65
Schiavoni, Alfredo Oscar,D,M,Alfreschiavoni,Misiones,,FRENTE PRO,Juntos por el Cambio,Alfreschiavoni,5263,4799,6336,184,7/4/63,57,56-60
Selva, Carlos Américo,D,M,AmericoSelva,Buenos Aires,,FRENTE DE TODOS,Frente de Todos,AmericoSelva,8,84,0,2,5/3/58,62,61-65
Soria, Martín Ignacio,D,M,SoriaEnAccion,Rio Negro,,FRENTE DE TODOS,Frente de Todos,SoriaEnAccion,4803,584,1174,679,,,
Stilman, Mariana,D,F,MarianStil,Buenos Aires,,COALICION CIVICA,Juntos por el Cambio,MarianStil,2506,837,4057,7789,,,
Tailhade, Luis Rodolfo,D,M,rodotailhade,Buenos Aires,,FRENTE DE TODOS,Frente de Todos,rodotailhade,73495,759,3661,7272,18/08/1970,49,46-50
Tonelli, Pablo Gabriel,D,M,PabloTonelli,Ciudad De Buenos Aires,,FRENTE PRO,Juntos por el Cambio,PabloTonelli,11992,627,3990,2634,13/06/1954,66,66-70
Torello, Pablo,D,M,Pablo_Torello,Buenos Aires,,FRENTE PRO,Juntos por el Cambio,Pablo_Torello,14884,1339,11269,674,12/2/59,61,61-65
Torres, Ignacio,D,M,NachoTorresCH,CHUBUT,,FRENTE PRO,Juntos por el Cambio,NachoTorresCH,6426,318,3653,4509,,,
Uceda, Marisa,D,F,MarisaUcedaOk,Mendoza,,FRENTE DE TODOS,Frente de Todos,MarisaUcedaOk,2747,952,8060,18234,,,
Valdes, Eduardo,D,M,eduardofvaldes,Ciudad De Buenos Aires,,FRENTE DE TODOS,Frente de Todos,eduardofvaldes,18547,411,1004,392,16/02/1956,64,61-65
Vara, Jorge,D,M,JorgeVara8,Corrientes,,UCR,Juntos por el Cambio,JorgeVara8,621,219,537,276,,,
Vilar, Daniela,D,F,danyvilar,BUENOS AIRES,,FRENTE DE TODOS,Frente de Todos,danyvilar,9675,2166,19844,5646,,,
Volnovich, Luana,D,F,luanavolnovich,Buenos Aires,,FRENTE DE TODOS,Frente de Todos,luanavolnovich,75865,1374,8257,1332,26/09/1979,40,36-40
Zuvic, Mariana de Jesús,D,F,MarianaZuvic,Ciudad De Buenos Aires,,COALICION CIVICA,Juntos por el Cambio,MarianaZuvic,203949,271,20874,21937,18/10/1974,45,41-45
Aicega, Juan,D,M,jaicega,Buenos Aires,,FRENTE PRO,Juntos por el Cambio,jaicega,2186,404,1739,2038,15/06/1963,57,56-60
Alonso, Laura V.,D,F,lauValonso,Buenos Aires,,FRENTE DE TODOS,Frente de Todos,lauValonso,17234,973,9248,14004,26/04/1977,43,41-45
Arce, Mario Horacio,D,M,MarioArceArg,Formosa,,UCR,Juntos por el Cambio,MarioArceArg,1357,693,2009,1123,6/11/75,44,41-45
Arroyo, Daniel Fernando,D,M,LicDanielArroyo,Buenos Aires,,RED POR ARGENTINA,Frente de Todos,LicDanielArroyo,116975,1134,9296,3802,6/10/66,53,51-55
Austin, Brenda Lis,D,F,brendalisaustin,Cordoba,,UCR,Juntos por el Cambio,brendalisaustin,15599,2176,9514,8789,11/10/81,38,36-40
Avila, Beatriz Luisa,D,F,Beatriz_AvilaOK,Tucuman,,PARTIDO POR LA JUSTICIA SOCIAL,Unidad Federal para el Desarrollo,Beatriz_AvilaOK,5287,722,2187,1731,5/10/66,53,51-55
Ayala, Aida Beatriz Maxima,D,F,AidaAyala,Chaco,,UCR,Juntos por el Cambio,AidaAyala,8338,1363,5393,3584,21/06/1953,67,66-70
Bahillo, Juan Jose,D,M,JuanjoBahillo,Entre Rios,,JUSTICIALISTA,Federal,JuanjoBahillo,4636,492,4005,1916,31/05/1966,54,51-55
Baldassi, Hector,D,M,HectorBaldassi,Cordoba,,FRENTE PRO,Juntos por el Cambio,HectorBaldassi,31879,493,9569,5099,5/1/66,54,51-55
Berisso, Hernan,D,M,hernanberisso,Buenos Aires,,FRENTE PRO,Juntos por el Cambio,hernanberisso,5402,1811,1686,3866,9/2/70,50,46-50
Brambilla, Sofia,D,F,Sofiabrambilla,Corrientes,,FRENTE PRO,Juntos por el Cambio,Sofiabrambilla,5050,1417,5656,17377,16/03/1980,40,36-40
Brizuela Del Moral, Eduardo Segundo,D,M,brizuela_moral,Catamarca,,FRENTE CÍVICO Y SOCIAL DE CATAMARCA,Juntos por el Cambio,brizuela_moral,912,225,214,215,20/08/1944,75,70+
Bucca, Eduardo,D,M,BuccaBali,Buenos Aires,,JUSTICIALISTA,Federal,BuccaBali,26253,733,19309,17168,23/06/1979,41,41-45
Burgos, Maria Gabriela,D,F,mabyburgos,Jujuy,,UCR,Juntos por el Cambio,mabyburgos,6250,1412,4295,12283,3/6/71,49,46-50
Cabandie,Juan,D,M,juancabandie,Ciudad De Buenos Aires,,FRENTE DE TODOS,Frente de Todos,juancabandie,235203,1292,4959,2332,16/03/1978,42,41-45
Caceres, Eduardo Augusto,D,M,educace,San Juan,,FRENTE PRO,Juntos por el Cambio,educace,8772,790,4175,1616,30/01/1975,45,41-45
Campagnoli, Marcela,D,F,M_Campagnoli,Buenos Aires,,COALICION CIVICA,Juntos por el Cambio,M_Campagnoli,28430,320,11607,2382,11/1/57,63,61-65
Cantard, Albor Angel,D,M,NikyCantard,Santa Fe,,UCR,Juntos por el Cambio,NikyCantard,5100,406,2057,1550,6/8/61,58,56-60
Carambia, Antonio Jose,D,M,JosemaCarambia,Santa Cruz,,UNIDAD Y EQUIDAD FEDERAL,Unidad Federal para el Desarrollo,JosemaCarambia,482,140,179,17,28/01/1982,38,36-40
Carrio, Elisa Maria Avelina,D,F,elisacarrio,Ciudad De Buenos Aires,,COALICION CIVICA,Juntos por el Cambio,elisacarrio,1196174,347,10108,1536,26/01/1957,63,61-65
Carrizo, Ana Carla,D,F,CarlaCarrizoAR,Ciudad De Buenos Aires,,UCR,Juntos por el Cambio,CarlaCarrizoAR,16664,3323,14665,29121,6/6/66,54,51-55
Carrizo, Maria Soledad,D,F,MSoleCarrizo,Cordoba,,UCR,Juntos por el Cambio,MSoleCarrizo,8950,3100,11237,13782,21/04/1977,43,41-45
Carro, Pablo,D,M,PabloCarroOk,Cordoba,,FRENTE DE TODOS,Frente de Todos,PabloCarroOk,7774,975,1270,1068,29/03/1965,55,51-55
Cassinerio, Paulo Leonardo,D,M,paulocassinerio,Cordoba,,CORDOBA FEDERAL,Federal,paulocassinerio,3473,707,1144,1009,17/06/1979,41,41-45
Castro, Sandra Daniela,D,F,d_castrooficial,San Juan,,FRENTE DE TODOS,Frente de Todos,d_castrooficial,4493,2110,2893,13588,13/01/1985,35,-35
Cerruti, Gabriela,D,F,gabicerru,Ciudad De Buenos Aires,,FRENTE DE TODOS,Frente de Todos,gabicerru,254461,864,70542,12800,9/12/65,54,51-55
Contigiani, Luis Gustavo,D,M,LuisContigiani,Santa Fe,,FRENTE PROGRESISTA CIVICO Y SOCIAL,Federal,LuisContigiani,11861,1808,3971,958,21/01/1972,48,46-50
Correa, Walter,D,M,dipwaltercorrea,Buenos Aires,,FRENTE DE TODOS,Frente de Todos,dipwaltercorrea,13228,452,18088,2622,30/10/1965,54,51-55
Cresto, Mayda,D,F,MaydaCresto,Entre Rios,,FRENTE DE TODOS,Frente de Todos,MaydaCresto,6955,3389,24913,3729,6/2/72,48,46-50
Del Caño, Nicolas,D,M,NicolasdelCano,Buenos Aires,,PTS - FRENTE DE IZQUIERDA,PTS -Frente de Izquierda,NicolasdelCano,135625,1259,25331,16016,6/2/80,40,36-40
Del Cerro, Gonzalo Pedro Antonio,D,M,gondelcerro,Santa Fe,,UCR,Juntos por el Cambio,gondelcerro,981,411,931,2618,29/06/1943,77,70+
Del Pla, Romina,D,F,RominaDelPla,Buenos Aires,,FRENTE DE IZQUIERDA Y DE LOS TRABAJADORES,Frente de Izquierda y de los Trabajadores,RominaDelPla,18530,786,5177,8215,2/4/72,48,46-50
Delu, Melina Aida,D,F,MelinaDelu,La Pampa,,FRENTE DE TODOS,Frente de Todos,MelinaDelu,707,22,25,1,18/06/1976,44,41-45
Espinoza, Fernando,D,M,FerEspinozaOK,Buenos Aires,,FRENTE DE TODOS,Frente de Todos,FerEspinozaOK,100643,756,12004,3706,30/12/1968,51,51-55
Felix, Omar Chafi,D,M,omarchafifelix,Mendoza,,FRENTE DE TODOS,Frente de Todos,omarchafifelix,4175,596,2358,55,30/06/1960,60,56-60
Fernandez Langan, Ezequiel,D,M,eflangan,Buenos Aires,,FRENTE PRO,Juntos por el Cambio,eflangan,9366,398,8861,689,20/07/1978,41,41-45
Fernandez, Carlos Alberto,D,M,CFernandezUCR,Buenos Aires,,UCR,Juntos por el Cambio,CFernandezUCR,3866,623,5933,201,14/03/1959,61,61-65
Filmus, Daniel,D,M,FilmusDaniel,Ciudad De Buenos Aires,,FRENTE DE TODOS,Frente de Todos,FilmusDaniel,358937,625,31374,3865,3/6/55,65,61-65
Flores, Danilo Adrian,D,M,DaniloAFlores,La Rioja,,FRENTE DE TODOS,Frente de Todos,DaniloAFlores,2077,174,1316,724,9/10/70,49,46-50
Flores, Hector,D,M,TotyFlores,Buenos Aires,,COALICION CIVICA,Juntos por el Cambio,TotyFlores,63822,856,27610,25046,8/11/53,66,66-70
Fregonese, Alicia,D,F,aliciafregonese,Entre Rios,,FRENTE PRO,Juntos por el Cambio,aliciafregonese,2071,1019,4159,6565,9/1/61,59,56-60
Frizza, Gabriel Alberto,D,M,gabrielfrizza,Cordoba,,FRENTE PRO,Juntos por el Cambio,gabrielfrizza,5382,473,6414,1215,,,
Garcia, Alejandro,D,M,alejandrojg,Ciudad De Buenos Aires,,FRENTE PRO,Juntos por el Cambio,alejandrojg,7009,1867,4974,1619,13/08/1967,52,51-55
Ginocchio, Silvana Micaela,D,F,SilGinocchio,Catamarca,,FRENTE DE TODOS,Frente de Todos,SilGinocchio,361,221,1262,1591,10/10/65,54,51-55
Grande, Martin,D,M,MartinGrandeok,Salta,,FRENTE PRO,Juntos por el Cambio,MartinGrandeok,5831,345,1560,1066,19/07/1959,60,56-60
Iglesias, Fernando Adolfo,D,M,FerIglesias,Ciudad De Buenos Aires,,FRENTE PRO,Juntos por el Cambio,FerIglesias,303556,534,129733,63,14/05/1957,63,61-65
Lacoste, Jorge Enrique,D,M,jorgeelacoste,Entre Rios,,UCR,Juntos por el Cambio,jorgeelacoste,1312,282,1842,1766,16/07/1964,55,51-55
Laspina, Luciano Andres,D,M,LaspinaL,Santa Fe,,FRENTE PRO,Juntos por el Cambio,LaspinaL,25359,355,2905,1467,8/8/72,47,46-50
Lehmann, Maria Lucila,D,F,LucilaLehmann,Santa Fe,,COALICION CIVICA,Juntos por el Cambio,LucilaLehmann,37958,21722,3178,2793,28/05/1983,37,36-40
Llaryora, Martin Miguel,D,M,MartinLlaryora,Cordoba,,CORDOBA FEDERAL,Federal,MartinLlaryora,43820,109,8088,677,6/10/72,47,46-50
Lopez, Juan Manuel,D,M,JnmLopez,Ciudad De Buenos Aires,,COALICION CIVICA,Juntos por el Cambio,JnmLopez,15521,528,8334,6537,16/09/1983,36,36-40
Macha, Monica,D,F,MoniMacha,Buenos Aires,,FRENTE DE TODOS,Frente de Todos,MoniMacha,35702,522,11605,8911,17/02/1972,48,46-50
Maquieyra, Martin,D,M,Martinmaq,La Pampa,,FRENTE PRO,Juntos por el Cambio,Martinmaq,3414,436,2478,539,10/11/88,31,-35
Martiarena, Jose Luis,D,M,MartiarenaJoseL,Jujuy,,FRENTE DE TODOS,Frente de Todos,MartiarenaJoseL,462,1734,179,66,,,
Matzen, Lorena,D,F,lorematzen,Rio Negro,,UCR,Juntos por el Cambio,lorematzen,4447,969,6821,10324,23/02/1979,41,41-45
Medina, Gladys,D,F,GladysMedinaOK,Tucuman,,FRENTE DE TODOS,Frente de Todos,GladysMedinaOK,1559,171,178,241,,,
Medina, Martin Nicolas,D,M,MEDINAMN,Buenos Aires,,FRENTE PRO,Juntos por el Cambio,MEDINAMN,1582,929,5330,279,16/06/1985,35,-35
Mendoza, Josefina,D,F,JosefaMendo,Buenos Aires,,UCR,Juntos por el Cambio,JosefaMendo,10142,1737,5491,8844,16/05/1992,28,-35
Menna, Gustavo,D,M,gustamenna,Chubut,,UCR,Juntos por el Cambio,gustamenna,5688,452,4258,20146,1/11/65,54,51-55
Mestre, Diego Matias,D,M,DiegoMMestre,Cordoba,,UCR,Juntos por el Cambio,DiegoMMestre,17706,5388,3403,7011,16/03/1978,42,41-45
Monaldi, Osmar Antonio,D,M,OsmarMonaldi,Jujuy,,FRENTE PRO,Juntos por el Cambio,OsmarMonaldi,1215,456,705,1821,5/7/64,56,56-60
Montenegro, Guillermo Tristan,D,M,gmontenegro_ok,Buenos Aires,,FRENTE PRO,Juntos por el Cambio,gmontenegro_ok,51763,254,4631,2336,30/12/1962,57,56-60
Morales, Flavia,D,F,flalomorales,Misiones,,FRENTE DE LA CONCORDIA MISIONERO,Unidad Federal para el Desarrollo,flalomorales,3365,1038,16577,11219,7/2/75,45,41-45
Moreau, Leopoldo Raul Guido,D,M,MoreauLeopoldo,Buenos Aires,,FRENTE DE TODOS,Frente de Todos,MoreauLeopoldo,168056,2158,4703,2447,5/11/46,73,70+
Mosqueda, Juan,D,M,JuanMosqueda_ar,Chaco,,FRENTE DE TODOS,Frente de Todos,JuanMosqueda_ar,537,146,2917,3322,13/02/1962,58,56-60
Muñoz, Rosa Rosario,D,F,RosaRosario06,Chubut,,FRENTE DE TODOS,Frente de Todos,RosaRosario06,1053,236,823,560,6/11/50,69,66-70
Najul, Claudia,D,F,ClauNaj,Mendoza,,UCR,Juntos por el Cambio,ClauNaj,8959,2531,15263,46044,14/04/1962,58,56-60
Ocaña, Maria Graciela,D,F,gracielaocana,Buenos Aires,,FRENTE PRO,Juntos por el Cambio,gracielaocana,244754,1157,23388,13696,16/09/1960,59,56-60
Oliveto Lago, Paula Mariana,D,F,pau_oliveto,Ciudad De Buenos Aires,,COALICION CIVICA,Juntos por el Cambio,pau_oliveto,119824,478,7962,4639,10/2/73,47,46-50
Pastori, Luis Mario,D,M,luispastori,Misiones,,UCR,Juntos por el Cambio,luispastori,5348,4370,3394,683,13/03/1952,68,66-70
Perez, Martin Alejandro,D,M,MartinPerezTDF,Tierra Del Fuego,,FRENTE DE TODOS,Frente de Todos,MartinPerezTDF,13891,1036,5748,3874,6/5/80,40,36-40
Pertile, Elda,D,F,eldapertile,Chaco,,FRENTE DE TODOS,Frente de Todos,eldapertile,1719,278,3554,245,3/6/53,67,66-70
Petri, Luis Alfonso,D,M,luispetri,Mendoza,,UCR,Juntos por el Cambio,luispetri,34334,2859,10247,4263,1/4/77,43,41-45
Piccolomini, Maria Carla,D,F,mpiccolomini,Buenos Aires,,FRENTE PRO,Juntos por el Cambio,mpiccolomini,1160,716,651,429,28/02/1980,40,36-40
Pietragalla Corti, Horacio,D,M,pietragallahora,Buenos Aires,,FRENTE DE TODOS,Frente de Todos,pietragallahora,63450,1137,33681,34032,11/3/76,44,41-45
Polledo, Carmen,D,F,carmenpolledo,Ciudad De Buenos Aires,,FRENTE PRO,Juntos por el Cambio,carmenpolledo,16700,669,5375,6508,14/12/1952,67,66-70
Quetglas, Fabio Jose,D,M,fabiojquetglas,Buenos Aires,,UCR,Juntos por el Cambio,fabiojquetglas,10200,2376,11546,15259,6/5/65,55,51-55
Ramon, Jose Luis,D,M,jlramonar1,Mendoza,,UNIDAD Y EQUIDAD FEDERAL,Unidad Federal para el Desarrollo,jlramonar1,2,0,0,0,29/04/1964,56,56-60
Rauschenberger, Ariel,D,M,RauschenbergerA,La Pampa,,FRENTE DE TODOS,Frente de Todos,RauschenbergerA,1467,316,825,1084,23/04/1966,54,51-55
Regidor Belledone, Estela Mercedes,D,F,estelaregidorok,Corrientes,,UCR,Juntos por el Cambio,estelaregidorok,3796,735,1652,725,24/03/1970,50,46-50
Reyes, Roxana Nahir,D,F,DipRoxanaReyes,Santa Cruz,,UCR,Juntos por el Cambio,DipRoxanaReyes,3618,915,6217,7466,2/12/65,54,51-55
Riccardo, Jose Luis,D,M,joselriccardo,San Luis,,UCR,Juntos por el Cambio,joselriccardo,3680,629,5034,952,4/9/61,58,56-60
Rodenas, Alejandra,D,F,rodenasale,Santa Fe,,NUEVO ESPACIO SANTAFESINO,Frente de Todos,rodenasale,16301,1053,2927,9683,26/09/1963,56,56-60
Romero, Jorge Antonio,D,M,jromero581,Corrientes,,FRENTE DE TODOS,Frente de Todos,jromero581,810,227,863,705,17/02/1958,62,61-65
Rossi, Agustin Oscar,D,M,RossiAgustinOk,Santa Fe,,FRENTE DE TODOS,Frente de Todos,RossiAgustinOk,211034,1159,16050,7780,18/10/1959,60,56-60
Rosso, Victoria,D,F,vicky_rosso,San Luis,,FRENTE DE TODOS,Frente de Todos,vicky_rosso,385,442,1499,499,15/03/1989,31,-35
Russo, Laura,D,F,LauRussoS,Buenos Aires,,FRENTE DE TODOS,Frente de Todos,LauraYokoRusso,1713,214,591,71,1/11/81,38,36-40
Sahad, Julio Enrique,D,M,SahadJulio,La Rioja,,FRENTE PRO,Juntos por el Cambio,SahadJulio,2780,656,3839,3508,1/7/56,64,61-65
Salvarezza, Roberto,D,M,RCSalvarezza,Buenos Aires,,FRENTE DE TODOS,Frente de Todos,RCSalvarezza,51081,904,7457,19909,3/1/52,68,66-70
Sapag, Alma Liliana,D,F,AlmaSapag,Neuquen,,MOV POP NEUQUINO,Mov Pop Neuquino,AlmaSapag,1274,130,444,60,2/10/52,67,66-70
Scaglia, Gisela,D,F,GiScaglia,Santa Fe,,FRENTE PRO,Juntos por el Cambio,GiScaglia,7849,2325,9159,4129,22/10/1976,43,41-45
Schlereth, David Pablo,D,M,davidnqn2017,Neuquen,,FRENTE PRO,Juntos por el Cambio,davidsnqn,6276,851,5200,3010,11/4/70,50,46-50
Scioli, Daniel,D,M,danielscioli,Buenos Aires,,FRENTE DE TODOS,Frente de Todos,danielscioli,1409079,877,9045,1525,13/01/1957,63,61-65
Sierra, Magdalena,D,F,MSierraFpv,Buenos Aires,,FRENTE DE TODOS,Frente de Todos,MSierraDiputada,7839,459,3509,3162,25/06/1966,54,51-55
Siley, Vanesa,D,F,Vsiley,Buenos Aires,,FRENTE DE TODOS,Frente de Todos,Vsiley,25170,495,6003,4333,,,
Sola, Felipe Carlos,D,M,felipe_sola,Buenos Aires,,RED POR ARGENTINA,Frente de Todos,felipe_sola,276471,11231,5738,1745,23/07/1950,69,66-70
Stefani, Hector Antonio,D,M,Titostefani,Tierra Del Fuego,,FRENTE PRO,Juntos por el Cambio,Titostefani,1921,255,2969,3470,6/11/59,60,56-60
Suarez Lastra, Facundo,D,M,fsuarezlastra,Ciudad De Buenos Aires,,UCR,Juntos por el Cambio,fsuarezlastra,15608,1816,14906,11900,24/02/1952,68,66-70
Terada, Alicia,D,F,TeradaAlicia,Chaco,,COALICION CIVICA,Juntos por el Cambio,TeradaAlicia,1691,721,515,45,19/08/1952,67,66-70
Tundis, Mirta,D,F,mirtatundis,Buenos Aires,,FRENTE DE TODOS,Frente de Todos,mirtatundis,21113,277,4670,2625,8/9/56,63,61-65
Vallejos, Fernanda,D,F,fvallejoss,Buenos Aires,,FRENTE DE TODOS,Frente de Todos,fvallejoss,75932,930,30486,68747,9/3/79,41,41-45
Vazquez, Juan Benedicto,D,M,JuanVazquezFPV,Santa Cruz,,FRENTE DE TODOS,Frente de Todos,JuanVazquezFPV,167,138,41,32,20/10/1966,53,51-55
Vigo, Alejandra Maria,D,F,alevigo,Cordoba,,CORDOBA FEDERAL,Federal,alevigo,8122,313,828,407,22/09/1957,62,61-65
Villa, Natalia Soledad,D,F,natuvilla,Buenos Aires,,FRENTE PRO,Juntos por el Cambio,natuvilla,11,31,136,286,15/04/1979,41,41-45
Wellbach, Ricardo,D,M,RicardoWellbach,Misiones,,FRENTE DE LA CONCORDIA MISIONERO,Unidad Federal para el Desarrollo,RicardoWellbach,4547,494,2067,5469,15/02/1962,58,56-60
Yasky, Hugo,D,M,HugoYasky,Buenos Aires,,FRENTE DE TODOS,Frente de Todos,HugoYasky,116578,492,7478,1326,10/10/49,70,66-70
Yedlin, Pablo Raul,D,M,pyedlin,Tucuman,,FRENTE DE TODOS,Frente de Todos,pyedlin,10944,204,5347,1321,16/07/1966,53,51-55
Zamarbide, Federico Raul,D,M,FZamarbide,Mendoza,,UCR,Juntos por el Cambio,FZamarbide,3387,1430,2824,7097,3/12/82,37,36-40
Zamora, Claudia,D,F,ClaudiaZamoraSV,Santiago Del Estero,,FRENTE CIVICO POR SANTIAGO,Frente de Todos,ClaudiaZamoraSV,771,217,288,1584,14/09/1974,45,41-45
Zottos, Andres,D,M,AndresZottos,Salta,,JUSTICIALISTA,Federal,AndresZottos,2769,483,3245,527,30/11/1961,58,56-60
Crexell,Lucila,S,F,LucilaCrexell,Neuquen,Juntos por el cambio,Movimiento Neuquino,Juntos por el Cambio,LucilaCrexell,134,47,21,13,10/8/72,47,46-50
De Angeli,Alfredo,S,M,alfredodeangeli,Entre Rios,Juntos por el cambio,FRENTE PRO,Juntos por el Cambio,alfredodeangeli,33102,384,2813,2659,16/02/1957,63,61-65
Pilatti Vergara,Maria Ines,S,F,pilattivergara,Chaco,Frente de todos,FRENTE DE TODOS,Frente de Todos,pilattivergara,7167,339,7758,7151,2/8/58,61,61-65
Romero,Juan Carlos,S,M,romeroxsalta,Salta,Juntos por el cambio,JUSTICIALISTA 8 de octubre,Juntos por el Cambio,romeroxsalta,9179,724,3940,1484,16/11/1950,69,66-70